player,,,,,,
	,,,,,,
	,,,,,,
"CeeDee Lamb / Dal WRR1, P1 - Dan",,,,,,
,,,,,,
,,,,,,
	,,,,,,
"Christian McCaffrey / SF RBR1, P2 - The Stugots II",,,,,,
,,,,,,
,,,,,,
	,,,,,,
"Bijan Robinson / Atl RBR1, P3 - Atlanta Falcons",,,,,,
,,,,,,
,,,,,,
	,,,,,,
"Tyreek Hill / Mia WRR1, P4 - Iowa Hawkeyes",,,,,,
,,,,,,
,,,,,,
	,,,,,,
"Breece Hall / NYJ RBR1, P5 - Valhalla Retirement Co.",,,,,,
,,,,,,
,,,,,,
	,,,,,,
"Amon-Ra St. Brown / Det WRR1, P6 - Montville Mustang Pride",,,,,,
,,,,,,
,,,,,,
	,,,,,,
"A.J. Brown / Phi WRR1, P7 - Team Kahr",,,,,,
,,,,,,
,,,,,,
	,,,,,,
"Justin Jefferson / Min WRR1, P8 - Boise State Broncos",,,,,,
,,,,,,
,,,,,,
	,,,,,,
"Ja'Marr Chase / Cin WRR2, P1 - Boise State Broncos",,,,,,
,,,,,,
,,,,,,
	,,,,,,
"Saquon Barkley / Phi RBR2, P2 - Team Kahr",,,,,,
,,,,,,
,,,,,,
	,,,,,,
"Jonathan Taylor / Ind RBR2, P3 - Montville Mustang Pride",,,,,,
,,,,,,
,,,,,,
	,,,,,,
"Garrett Wilson / NYJ WRR2, P4 - Valhalla Retirement Co.",,,,,,
,,,,,,
,,,,,,
	,,,,,,
"Puka Nacua / LAR WRR2, P5 - Iowa Hawkeyes",,,,,,
,,,,,,
,,,,,,
	,,,,,,
"Jahmyr Gibbs / Det RBR2, P6 - Atlanta Falcons",,,,,,
,,,,,,
,,,,,,
	,,,,,,
"Kyren Williams / LAR RBR2, P7 - The Stugots II",,,,,,
,,,,,,
,,,,,,
	,,,,,,
"Isiah Pacheco / KC RBR2, P8 - Dan",,,,,,
,,,,,,
,,,,,,
	,,,,,,
"Derrick Henry / Bal RBR3, P1 - Dan",,,,,,
,,,,,,
,,,,,,
	,,,,,,
"Travis Etienne Jr. / Jax RBR3, P2 - The Stugots II",,,,,,
,,,,,,
,,,,,,
	,,,,,,
"Chris Olave / NO WRR3, P3 - Atlanta Falcons",,,,,,
,,,,,,
,,,,,,
	,,,,,,
"Michael Pittman Jr. / Ind WRR3, P4 - Iowa Hawkeyes",,,,,,
,,,,,,
,,,,,,
	,,,,,,
"Drake London / Atl WRR3, P5 - Valhalla Retirement Co.",,,,,,
,,,,,,
,,,,,,
	,,,,,,
"Marvin Harrison Jr. / Ari WRR3, P6 - Montville Mustang Pride",,,,,,
,,,,,,
,,,,,,
	,,,,,,
"Davante Adams / LV WRR3, P7 - Team Kahr",,,,,,
,,,,,,
,,,,,,
	,,,,,,
"Joe Mixon / Hou RBR3, P8 - Boise State Broncos",,,,,,
,,,,,,
,,,,,,
	,,,,,,
"Travis Kelce / KC TER4, P1 - Boise State Broncos",,,,,,
,,,,,,
,,,,,,
	,,,,,,
"James Cook / Buf RBR4, P2 - Team Kahr",,,,,,
,,,,,,
,,,,,,
	,,,,,,
"De'Von Achane / Mia RBR4, P3 - Montville Mustang Pride",,,,,,
,,,,,,
,,,,,,
	,,,,,,
"Mike Evans / TB WRR4, P4 - Valhalla Retirement Co.",,,,,,
,,,,,,
,,,,,,
	,,,,,,
"Nico Collins / Hou WRR4, P5 - Iowa Hawkeyes",,,,,,
,,,,,,
,,,,,,
	,,,,,,
"Alvin Kamara / NO RBR4, P6 - Atlanta Falcons",,,,,,
,,,,,,
,,,,,,
	,,,,,,
"Rachaad White / TB RBR4, P7 - The Stugots II",,,,,,
,,,,,,
,,,,,,
	,,,,,,
"DK Metcalf / Sea WRR4, P8 - Dan",,,,,,
,,,,,,
,,,,,,
	,,,,,,
"Sam LaPorta / Det TER5, P1 - Dan",,,,,,
,,,,,,
,,,,,,
	,,,,,,
"Stefon Diggs / Hou WRR5, P2 - The Stugots II",,,,,,
,,,,,,
,,,,,,
	,,,,,,
"Josh Jacobs / GB RBR5, P3 - Atlanta Falcons",,,,,,
,,,,,,
,,,,,,
	,,,,,,
"Kenneth Walker III / Sea RBR5, P4 - Iowa Hawkeyes",,,,,,
,,,,,,
,,,,,,
	,,,,,,
"Brandon Aiyuk / SF WRR5, P5 - Valhalla Retirement Co.",,,,,,
,,,,,,
,,,,,,
	,,,,,,
"DJ Moore / Chi WRR5, P6 - Montville Mustang Pride",,,,,,
,,,,,,
,,,,,,
	,,,,,,
"DeVonta Smith / Phi WRR5, P7 - Team Kahr",,,,,,
,,,,,,
,,,,,,
	,,,,,,
"Jaylen Waddle / Mia WRR5, P8 - Boise State Broncos",,,,,,
,,,,,,
,,,,,,
	,,,,,,
"Cooper Kupp / LAR WRR6, P1 - Boise State Broncos",,,,,,
,,,,,,
,,,,,,
	,,,,,,
"Jalen Hurts / Phi QBR6, P2 - Team Kahr",,,,,,
,,,,,,
,,,,,,
	,,,,,,
"Malik Nabers / NYG WRR6, P3 - Montville Mustang Pride",,,,,,
,,,,,,
,,,,,,
	,,,,,,
"Patrick Mahomes / KC QBR6, P4 - Valhalla Retirement Co.",,,,,,
,,,,,,
,,,,,,
	,,,,,,
"Josh Allen / Buf QBR6, P5 - Iowa Hawkeyes",,,,,,
,,,,,,
,,,,,,
	,,,,,,
"Lamar Jackson / Bal QBR6, P6 - Atlanta Falcons",,,,,,
,,,,,,
,,,,,,
	,,,,,,
"Mark Andrews / Bal TER6, P7 - The Stugots II",,,,,,
,,,,,,
,,,,,,
	,,,,,,
"Deebo Samuel Sr. / SF WRR6, P8 - Dan",,,,,,
,,,,,,
,,,,,,
	,,,,,,
"Anthony Richardson / Ind QBR7, P1 - Dan",,,,,,
,,,,,,
,,,,,,
	,,,,,,
"Calvin Ridley / Ten WRR7, P2 - The Stugots II",,,,,,
,,,,,,
,,,,,,
	,,,,,,
"Zay Flowers / Bal WRR7, P3 - Atlanta Falcons",,,,,,
,,,,,,
,,,,,,
	,,,,,,
"Trey McBride / Ari TER7, P4 - Iowa Hawkeyes",,,,,,
,,,,,,
,,,,,,
	,,,,,,
"Aaron Jones / Min RBR7, P5 - Valhalla Retirement Co.",,,,,,
,,,,,,
,,,,,,
	,,,,,,
"Dalton Kincaid / Buf TER7, P6 - Montville Mustang Pride",,,,,,
,,,,,,
,,,,,,
	,,,,,,
"Rhamondre Stevenson / NE RBR7, P7 - Team Kahr",,,,,,
,,,,,,
,,,,,,
	,,,,,,
"Zamir White / LV RBR7, P8 - Boise State Broncos",,,,,,
,,,,,,
,,,,,,
	,,,,,,
"C.J. Stroud / Hou QBR8, P1 - Boise State Broncos",,,,,,
,,,,,,
,,,,,,
	,,,,,,
"Evan Engram / Jax TER8, P2 - Team Kahr",,,,,,
,,,,,,
,,,,,,
	,,,,,,
"George Pickens / Pit WRR8, P3 - Montville Mustang Pride",,,,,,
,,,,,,
,,,,,,
	,,,,,,
"Kyle Pitts / Atl TER8, P4 - Valhalla Retirement Co.",,,,,,
,,,,,,
,,,,,,
	,,,,,,
"D'Andre Swift / Chi RBR8, P5 - Iowa Hawkeyes",,,,,,
,,,,,,
,,,,,,
	,,,,,,
"George Kittle / SF TER8, P6 - Atlanta Falcons",,,,,,
,,,,,,
,,,,,,
	,,,,,,
"Tee Higgins / Cin WRR8, P7 - The Stugots II",,,,,,
,,,,,,
,,,,,,
	,,,,,,
"Tank Dell / Hou WRR8, P8 - Dan",,,,,,
,,,,,,
,,,,,,
	,,,,,,
"Jonathon Brooks / Car RBR9, P1 - Dan",,,,,,
,,,,,,
,,,,,,
	,,,,,,
"Joe Burrow / Cin QBR9, P2 - The Stugots II",,,,,,
,,,,,,
,,,,,,
	,,,,,,
"Terry McLaurin / Wsh WRR9, P3 - Atlanta Falcons",,,,,,
,,,,,,
,,,,,,
	,,,,,,
"David Montgomery / Det RBR9, P4 - Iowa Hawkeyes",,,,,,
,,,,,,
,,,,,,
	,,,,,,
"James Conner / Ari RBR9, P5 - Valhalla Retirement Co.",,,,,,
,,,,,,
,,,,,,
	,,,,,,
"Dak Prescott / Dal QBR9, P6 - Montville Mustang Pride",,,,,,
,,,,,,
,,,,,,
	,,,,,,
"Chris Godwin / TB WRR9, P7 - Team Kahr",,,,,,
,,,,,,
,,,,,,
	,,,,,,
"Jaylen Warren / Pit RBR9, P8 - Boise State Broncos",,,,,,
,,,,,,
,,,,,,
	,,,,,,
"Amari Cooper / Cle WRR10, P1 - Boise State Broncos",,,,,,
,,,,,,
,,,,,,
	,,,,,,
"Brian Robinson Jr. / Wsh RBR10, P2 - Team Kahr",,,,,,
,,,,,,
,,,,,,
	,,,,,,
"Jayden Reed / GB WRR10, P3 - Montville Mustang Pride",,,,,,
,,,,,,
,,,,,,
	,,,,,,
"Keenan Allen / Chi WRR10, P4 - Valhalla Retirement Co.",,,,,,
,,,,,,
,,,,,,
	,,,,,,
"Christian Kirk / Jax WRR10, P5 - Iowa Hawkeyes",,,,,,
,,,,,,
,,,,,,
	,,,,,,
"Najee Harris / Pit RBR10, P6 - Atlanta Falcons",,,,,,
,,,,,,
,,,,,,
	,,,,,,
"Rashee Rice / KC WRR10, P7 - The Stugots II",,,,,,
,,,,,,
,,,,,,
	,,,,,,
"Tyjae Spears / Ten RBR10, P8 - Dan",,,,,,
,,,,,,
,,,,,,
	,,,,,,
"Kyler Murray / Ari QBR11, P1 - Dan",,,,,,
,,,,,,
,,,,,,
	,,,,,,
"Diontae Johnson / Car WRR11, P2 - The Stugots II",,,,,,
,,,,,,
,,,,,,
	,,,,,,
"Javonte Williams / Den RBR11, P3 - Atlanta Falcons",,,,,,
,,,,,,
,,,,,,
	,,,,,,
"DeAndre Hopkins / Ten WRR11, P4 - Iowa Hawkeyes",,,,,,
,,,,,,
,,,,,,
	,,,,,,
"Christian Watson / GB WRR11, P5 - Valhalla Retirement Co.",,,,,,
,,,,,,
,,,,,,
	,,,,,,
"Zack Moss / Cin RBR11, P6 - Montville Mustang Pride",,,,,,
,,,,,,
,,,,,,
	,,,,,,
"Marquise Brown / KC WRR11, P7 - Team Kahr",,,,,,
,,,,,,
,,,,,,
	,,,,,,
"Tony Pollard / Ten RBR11, P8 - Boise State Broncos",,,,,,
,,,,,,
,,,,,,
	,,,,,,
"Jaxon Smith-Njigba / Sea WRR12, P1 - Boise State Broncos",,,,,,
,,,,,,
,,,,,,
	,,,,,,
"Austin Ekeler / Wsh RBR12, P2 - Team Kahr",,,,,,
,,,,,,
,,,,,,
	,,,,,,
"David Njoku / Cle TER12, P3 - Montville Mustang Pride",,,,,,
,,,,,,
,,,,,,
	,,,,,,
"Rome Odunze / Chi WRR12, P4 - Valhalla Retirement Co.",,,,,,
,,,,,,
,,,,,,
	,,,,,,
"Jordan Addison / Min WRR12, P5 - Iowa Hawkeyes",,,,,,
,,,,,,
,,,,,,
	,,,,,,
"Ezekiel Elliott / Dal RBR12, P6 - Atlanta Falcons",,,,,,
,,,,,,
,,,,,,
	,,,,,,
"Devin Singletary / NYG RBR12, P7 - The Stugots II",,,,,,
,,,,,,
,,,,,,
	,,,,,,
"Ladd McConkey / LAC WRR12, P8 - Dan",,,,,,
,,,,,,
,,,,,,
	,,,,,,
"Jordan Love / GB QBR13, P1 - Dan",,,,,,
,,,,,,
,,,,,,
	,,,,,,
"Raheem Mostert / Mia RBR13, P2 - The Stugots II",,,,,,
,,,,,,
,,,,,,
	,,,,,,
"Courtland Sutton / Den WRR13, P3 - Atlanta Falcons",,,,,,
,,,,,,
,,,,,,
	,,,,,,
"Keon Coleman / Buf WRR13, P4 - Iowa Hawkeyes",,,,,,
,,,,,,
,,,,,,
	,,,,,,
"Blake Corum / LAR RBR13, P5 - Valhalla Retirement Co.",,,,,,
,,,,,,
,,,,,,
	,,,,,,
"Jameson Williams / Det WRR13, P6 - Montville Mustang Pride",,,,,,
,,,,,,
,,,,,,
	,,,,,,
"Jake Ferguson / Dal TER13, P7 - Team Kahr",,,,,,
,,,,,,
,,,,,,
	,,,,,,
"Trey Benson / Ari RBR13, P8 - Boise State Broncos",,,,,,
,,,,,,
,,,,,,
	,,,,,,
"Nick Chubb / Cle RBR14, P1 - Boise State Broncos",,,,,,
,,,,,,
,,,,,,
	,,,,,,
"Zach Charbonnet / Sea RBR14, P2 - Team Kahr",,,,,,
,,,,,,
,,,,,,
	,,,,,,
"Gus Edwards / LAC RBR14, P3 - Montville Mustang Pride",,,,,,
,,,,,,
,,,,,,
	,,,,,,
"Xavier Worthy / KC WRR14, P4 - Valhalla Retirement Co.",,,,,,
,,,,,,
,,,,,,
	,,,,,,
"Browns D/ST / Cle D/STR14, P5 - Iowa Hawkeyes",,,,,,
,,,,,,
,,,,,,
	,,,,,,
"Jerome Ford / Cle RBR14, P6 - Atlanta Falcons",,,,,,
,,,,,,
,,,,,,
	,,,,,,
"Tyler Lockett / Sea WRR14, P7 - The Stugots II",,,,,,
,,,,,,
,,,,,,
	,,,,,,
"Mike Williams / NYJ WRR14, P8 - Dan",,,,,,
,,,,,,
,,,,,,
	,,,,,,
"Cowboys D/ST / Dal D/STR15, P1 - Dan",,,,,,
,,,,,,
,,,,,,
	,,,,,,
"49ers D/ST / SF D/STR15, P2 - The Stugots II",,,,,,
,,,,,,
,,,,,,
	,,,,,,
"Brandon Aubrey / Dal KR15, P3 - Atlanta Falcons",,,,,,
,,,,,,
,,,,,,
	,,,,,,
"Jayden Daniels / Wsh QBR15, P4 - Iowa Hawkeyes",,,,,,
,,,,,,
,,,,,,
	,,,,,,
"Ravens D/ST / Bal D/STR15, P5 - Valhalla Retirement Co.",,,,,,
,,,,,,
,,,,,,
	,,,,,,
"Justin Tucker / Bal KR15, P6 - Montville Mustang Pride",,,,,,
,,,,,,
,,,,,,
	,,,,,,
"Jets D/ST / NYJ D/STR15, P7 - Team Kahr",,,,,,
,,,,,,
,,,,,,
	,,,,,,
"Jake Elliott / Phi KR15, P8 - Boise State Broncos",,,,,,
,,,,,,
,,,,,,
	,,,,,,
"Steelers D/ST / Pit D/STR16, P1 - Boise State Broncos",,,,,,
,,,,,,
,,,,,,
	,,,,,,
"Evan McPherson / Cin KR16, P2 - Team Kahr",,,,,,
,,,,,,
,,,,,,
	,,,,,,
"Saints D/ST / NO D/STR16, P3 - Montville Mustang Pride",,,,,,
,,,,,,
,,,,,,
	,,,,,,
"Ka'imi Fairbairn / Hou KR16, P4 - Valhalla Retirement Co.",,,,,,
,,,,,,
,,,,,,
	,,,,,,
"Harrison Butker / KC KR16, P5 - Iowa Hawkeyes",,,,,,
,,,,,,
,,,,,,
	,,,,,,
"Lions D/ST / Det D/STR16, P6 - Atlanta Falcons",,,,,,
,,,,,,
,,,,,,
	,,,,,,
"Greg Zuerlein / NYJ KR16, P7 - The Stugots II",,,,,,
,,,,,,
,,,,,,
	,,,,,,
"Younghoe Koo / Atl KR16, P8 - Dan",,,,,,
